{"cameraMode":{"drawMode":0,"name":"Shaded","section":"Shading Mode"},"sceneLighting":true,"audioPlay":false,"sceneViewState":{"showFog":true,"showMaterialUpdate":false,"showSkybox":true,"showFlares":true,"showImageEffects":true,"showParticleSystems":true},"in2DMode":false,"pivot":{"x":-0.15241292119026185,"y":0.000045359134674072266,"z":-0.0929599404335022},"rotation":{"x":-0.2522052824497223,"y":-0.18385228514671327,"z":0.04887115955352783,"w":-0.9487901329994202},"size":1.170978307723999,"orthographic":false}