{"cameraMode":{"drawMode":0,"name":"Shaded","section":"Shading Mode"},"sceneLighting":true,"audioPlay":false,"sceneViewState":{"showFog":true,"showMaterialUpdate":false,"showSkybox":true,"showFlares":true,"showImageEffects":true,"showParticleSystems":true},"in2DMode":false,"pivot":{"x":-0.1532232165336609,"y":-0.08278131484985352,"z":-0.03930145502090454},"rotation":{"x":-0.2945837676525116,"y":-0.32067450881004336,"z":0.10566677898168564,"w":-0.8939929604530335},"size":1.170978307723999,"orthographic":false}