{"cameraMode":{"drawMode":0,"name":"Shaded","section":"Shading Mode"},"sceneLighting":false,"audioPlay":false,"sceneViewState":{"showFog":true,"showMaterialUpdate":false,"showSkybox":true,"showFlares":true,"showImageEffects":true,"showParticleSystems":true},"in2DMode":false,"pivot":{"x":-0.0748816728591919,"y":0.11741214990615845,"z":-0.16899770498275758},"rotation":{"x":-0.2945837676525116,"y":-0.32067450881004336,"z":0.10566677898168564,"w":-0.8939929604530335},"size":1.4289418458938599,"orthographic":false}